1127373506.45 ,
1127373509.76 ,
1127373512.66 ,
1127373515.28 ,
1127373518.34 ,1
1127373520.04 ,2
1127373523.00 ,
1127373525.36 ,3
1127373527.75 ,4
1127373530.03 ,
1127373531.85 ,
1127373534.00 ,
1127373535.54 ,
1127373536.70 ,
1127373539.29 ,
1127373541.54 ,
1127373543.71 ,5
1127373545.66 ,
1127373547.34 ,6
1127373549.61 ,
1127373550.86 ,
1127373552.10 ,7
1127373554.60 ,
1127373555.88 ,
1127373556.86 ,8
1127373559.78 ,
1127373561.15 ,
1127373564.21 ,
1127373567.06 ,
1127373568.92 ,9
1127373571.01 ,
1127373572.00 ,
1127373574.21 ,
1127373575.76 ,
1127373578.01 ,10
1127373580.42 ,
1127373581.99 ,
1127373583.38 ,
1127373585.56 ,
1127373587.61 ,
1127373589.22 ,
1127373590.73 ,
1127373591.89 ,
1127373593.12 ,11
1127373595.85 ,
1127373597.17 ,
1127373599.10 ,
1127373600.15 ,
1127373602.68 ,
1127373605.16 ,
1127373606.55 ,
1127373609.11 ,
1127373611.78 ,12
1127373613.23 ,13
1127373614.39 ,
1127373615.60 ,
1127373617.47 ,
1127373618.67 ,
1127373620.09 ,
1127373621.22 ,
1127373623.48 ,
1127373625.40 ,
1127373627.61 ,
1127373629.84 ,
1127373632.01 ,
1127373634.19 ,
1127373636.24 ,
1127373638.40 ,
1127373640.49 ,
1127373642.74 ,
1127373644.88 ,
1127373647.06 ,14
1127373649.48 ,15
1127373650.01 ,
1127373651.77 ,
1127373652.86 ,
1127373654.03 ,
1127373655.17 ,
1127373656.35 ,
1127373659.64 ,
1127373661.88 ,
1127373663.89 ,
1127373665.97 ,
1127373667.97 ,
1127373670.17 ,
1127373672.46 ,
1127373674.65 ,
1127373676.92 ,
1127373679.03 ,
1127373681.22 ,16
1127373683.70 ,
1127373685.08 ,
1127373686.01 ,17
1127373687.78 ,18
1127373689.32 ,19
1127373692.06 ,
1127373693.09 ,
1127373694.69 ,
1127373697.60 ,
1127373698.63 ,
1127373699.84 ,
1127373701.28 ,
1127373703.26 ,
1127373704.55 ,
1127373705.67 ,
1127373707.07 ,
1127373710.30 ,
1127373711.82 ,
1127373713.20 ,
1127373714.34 ,
1127373716.67 ,
1127373717.65 ,
1127373718.68 ,
1127373719.68 ,
1127373720.66 ,
1127373725.52 ,
1127373727.19 ,
1127373728.18 ,
1127373729.26 ,
1127373731.58 ,
1127373733.10 ,
1127373734.08 ,
1127373735.10 ,
1127373737.27 ,
1127373738.45 ,
1127373739.44 ,20
1127373741.03 ,
1127373742.50 ,
1127373743.56 ,
1127373745.00 ,
1127373746.95 ,
1127373748.43 ,22
1127373750.01 ,
1127373751.70 ,
1127373752.67 ,
1127373753.69 ,
1127373754.70 ,
1127373755.70 ,
1127373756.70 ,
1127373757.70 ,
1127373759.60 ,
1127373760.62 ,
1127373761.60 ,
1127373762.84 ,
1127373764.25 ,
1127373765.23 ,
1127373766.36 ,
1127373767.89 ,
1127373768.87 ,
1127373769.94 ,
1127373770.93 ,
1127373771.97 ,
1127373775.06 ,
1127373776.05 ,
1127373777.05 ,
1127373778.06 ,
1127373779.84 ,
1127373781.91 ,
1127373782.90 ,
1127373785.17 ,
1127373786.34 ,
1127373787.43 ,
1127373788.41 ,
1127373790.26 ,
1127373791.34 ,
1127373792.58 ,
1127373793.57 ,
1127373795.51 ,
1127373796.50 ,
1127373797.52 ,
1127373798.50 ,
1127373799.52 ,
1127373800.51 ,
1127373802.12 ,
1127373803.36 ,
1127373804.44 ,
1127373806.01 ,22
1127373807.22 ,23
1127373809.01 ,
1127373811.62 ,
1127373812.63 ,
1127373813.76 ,
1127373815.50 ,
1127373816.48 ,
1127373817.50 ,
1127373819.25 ,
1127373822.79 ,
1127373824.10 ,
1127373828.34 ,
1127373829.50 ,
1127373830.68 ,
1127373833.25 ,
1127373835.16 ,
1127373837.00 ,
1127373838.83 ,
1127373840.43 ,
1127373842.03 ,24
1127373844.33 ,25
1127373846.51 ,26
1127373848.74 ,
1127373849.95 ,27
1127373851.83 ,
1127373853.42 ,
1127373854.85 ,28
1127373856.47 ,
1127373858.28 ,
1127373861.30 ,
1127373863.80 ,
1127373866.14 ,
1127373867.24 ,
1127373869.28 ,
1127373871.01 ,
1127373871.99 ,29
1127373873.05 ,
1127373874.38 ,30
1127373876.47 ,31
1127373878.54 ,32
1127373880.70 ,
1127373882.02 ,33
1127373883.98 ,34
1127373885.04 ,
1127373886.35 ,
1127373887.40 ,
1127373889.15 ,
1127373890.47 ,
1127373892.60 ,
1127373894.49 ,
1127373896.37 ,
1127373898.24 ,
1127373900.04 ,
1127373902.02 ,
1127373904.24 ,
1127373907.22 ,
1127373912.85 ,
1127373915.25 ,
1127373916.28 ,
1127373917.33 ,
1127373919.08 ,
1127373920.07 ,
1127373921.12 ,
1127373923.29 ,
1127373924.81 ,
1127373925.79 ,
1127373926.81 ,
1127373928.03 ,35
1127373929.04 ,
1127373930.02 ,36
1127373931.55 ,
1127373933.70 ,
1127373934.80 ,37
1127373935.96 ,
1127373937.22 ,
1127373938.28 ,
1127373939.78 ,38
1127373941.60 ,
1127373942.84 ,
1127373943.82 ,40
1127373945.75 ,
1127373947.92 ,
1127373949.99 ,
1127373952.60 ,
1127373953.58 ,
1127373955.52 ,
1127373957.43 ,41
1127373959.79 ,42
1127373961.41 ,
1127373963.78 ,
1127373968.15 ,
1127373970.37 ,
1127373971.35 ,
1127373972.99 ,
1127373975.03 ,
1127373976.25 ,43
1127373977.01 ,
1127373979.17 ,44
1127373981.79 ,
1127373982.89 ,
1127373984.78 ,
1127373987.37 ,
1127373989.02 ,
1127373990.45 ,
1127373992.12 ,
1127373993.40 ,
1127373995.40 ,
1127373997.47 ,
1127373999.15 ,
1127374000.94 ,
1127374002.73 ,
1127374004.43 ,
1127374006.12 ,
1127374007.90 ,
1127374009.95 ,45
1127374014.74 ,
1127374015.91 ,
1127374016.89 ,
1127374018.16 ,
1127374019.22 ,
1127374020.21 ,
1127374021.33 ,
1127374022.89 ,
1127374025.20 ,
1127374027.04 ,
1127374028.02 ,
1127374029.41 ,
1127374030.59 ,
1127374031.80 ,
1127374033.02 ,
1127374034.59 ,
1127374035.69 ,
1127374037.26 ,
1127374038.99 ,
1127374040.55 ,
1127374041.82 ,
1127374043.57 ,
1127374044.55 ,
1127374045.57 ,
1127374047.08 ,
1127374049.28 ,
1127374050.71 ,
1127374052.60 ,
1127374054.31 ,
1127374056.04 ,
1127374057.85 ,
1127374060.12 ,
1127374061.66 ,
1127374064.14 ,
1127374065.35 ,
1127374067.23 ,
1127374068.64 ,
1127374069.89 ,
1127374070.97 ,
1127374073.62 ,
1127374074.88 ,
1127374076.40 ,
1127374078.08 ,46
1127374080.00 ,47
1127374082.08 ,
1127374083.25 ,
1127374084.24 ,
1127374085.23 ,
1127374086.26 ,
1127374087.24 ,
1127374088.24 ,
1127374089.91 ,
1127374091.61 ,
1127374092.79 ,
1127374093.89 ,
1127374095.73 ,
1127374097.49 ,
1127374099.38 ,
1127374100.90 ,
1127374102.70 ,
1127374104.36 ,
1127374105.82 ,
1127374107.55 ,
1127374108.73 ,
1127374109.71 ,
1127374110.73 ,
1127374111.73 ,48
1127374113.43 ,49
1127374115.41 ,50
1127374117.00 ,
1127374119.38 ,
1127374121.63 ,
1127374124.61 ,
1127374127.25 ,
1127374130.30 ,
1127374133.22 ,
1127374137.20 ,
1127374139.58 ,
1127374142.49 ,
